date,Item Id,TARGET
2024-07-01,B09KDTS4DC,3
2024-07-02,B09KDTS4DC,3
2024-07-03,B09KDTS4DC,3
2024-07-04,B09KDTS4DC,3
2024-07-05,B09KDTS4DC,4
2024-07-06,B09KDTS4DC,4
2024-07-07,B09KDTS4DC,4
2024-07-08,B09KDTS4DC,4
2024-07-09,B09KDTS4DC,4
2024-07-10,B09KDTS4DC,4
2024-07-11,B09KDTS4DC,4
2024-07-15,B09KDTS4DC,4
2024-07-16,B09KDTS4DC,4
2024-07-17,B09KDTS4DC,4
2024-07-18,B09KDTS4DC,4
2024-07-01,B09MR2MLZH,3
2024-07-02,B09MR2MLZH,2
2024-07-03,B09MR2MLZH,3
2024-07-04,B09MR2MLZH,3
2024-07-05,B09MR2MLZH,3
2024-07-06,B09MR2MLZH,3
2024-07-07,B09MR2MLZH,3
2024-07-09,B09MR2MLZH,3
2024-07-10,B09MR2MLZH,3
2024-07-11,B09MR2MLZH,3
2024-07-14,B09MR2MLZH,3
2024-07-15,B09MR2MLZH,4
2024-07-16,B09MR2MLZH,4
2024-07-17,B09MR2MLZH,4
2024-07-18,B09MR2MLZH,4
2024-07-01,B09KSYL73R,15
2024-07-02,B09KSYL73R,15
2024-07-03,B09KSYL73R,15
2024-07-04,B09KSYL73R,15
2024-07-05,B09KSYL73R,15
2024-07-06,B09KSYL73R,15
2024-07-07,B09KSYL73R,15
2024-07-08,B09KSYL73R,15
2024-07-09,B09KSYL73R,15
2024-07-10,B09KSYL73R,15
2024-07-11,B09KSYL73R,15
2024-07-12,B09KSYL73R,15
2024-07-13,B09KSYL73R,15
2024-07-14,B09KSYL73R,15
2024-07-15,B09KSYL73R,15
2024-07-01,B09KT5HMNY,0
2024-07-02,B09KT5HMNY,0
2024-07-03,B09KT5HMNY,0
2024-07-04,B09KT5HMNY,0
2024-07-05,B09KT5HMNY,0
2024-07-06,B09KT5HMNY,0
2024-07-07,B09KT5HMNY,0
2024-07-08,B09KT5HMNY,0
2024-07-09,B09KT5HMNY,0
2024-07-10,B09KT5HMNY,0
2024-07-11,B09KT5HMNY,0
2024-07-15,B09KT5HMNY,0
2024-07-16,B09KT5HMNY,0
2024-07-17,B09KT5HMNY,0
2024-07-18,B09KT5HMNY,0
2024-07-01,B09KTF8ZDQ,1
2024-07-02,B09KTF8ZDQ,1
2024-07-03,B09KTF8ZDQ,1
2024-07-04,B09KTF8ZDQ,1
2024-07-05,B09KTF8ZDQ,1
2024-07-06,B09KTF8ZDQ,1
2024-07-07,B09KTF8ZDQ,1
2024-07-08,B09KTF8ZDQ,1
2024-07-09,B09KTF8ZDQ,1
2024-07-10,B09KTF8ZDQ,1
2024-07-11,B09KTF8ZDQ,1
2024-07-12,B09KTF8ZDQ,1
2024-07-13,B09KTF8ZDQ,1
2024-07-14,B09KTF8ZDQ,1
2024-07-15,B09KTF8ZDQ,1
2024-07-01,B09KTJRHC7,76
2024-07-02,B09KTJRHC7,76
2024-07-03,B09KTJRHC7,76
2024-07-04,B09KTJRHC7,76
2024-07-05,B09KTJRHC7,76
2024-07-06,B09KTJRHC7,76
2024-07-07,B09KTJRHC7,76
2024-07-08,B09KTJRHC7,76
2024-07-09,B09KTJRHC7,76
2024-07-10,B09KTJRHC7,76
2024-07-11,B09KTJRHC7,76
2024-07-12,B09KTJRHC7,76
2024-07-13,B09KTJRHC7,76
2024-07-14,B09KTJRHC7,76
2024-07-15,B09KTJRHC7,76
2024-07-01,B09KTMKDKJ,44
2024-07-02,B09KTMKDKJ,71
2024-07-03,B09KTMKDKJ,91
2024-07-04,B09KTMKDKJ,105
2024-07-05,B09KTMKDKJ,116
2024-07-06,B09KTMKDKJ,125
2024-07-07,B09KTMKDKJ,131
2024-07-08,B09KTMKDKJ,135
2024-07-09,B09KTMKDKJ,139
2024-07-10,B09KTMKDKJ,141
2024-07-11,B09KTMKDKJ,143
2024-07-12,B09KTMKDKJ,144
2024-07-13,B09KTMKDKJ,145
2024-07-14,B09KTMKDKJ,146
2024-07-15,B09KTMKDKJ,147
2024-07-01,B09KTMLQ1N,103
2024-07-02,B09KTMLQ1N,88
2024-07-03,B09KTMLQ1N,84
2024-07-04,B09KTMLQ1N,76
2024-07-05,B09KTMLQ1N,74
2024-07-06,B09KTMLQ1N,69
2024-07-07,B09KTMLQ1N,68
2024-07-08,B09KTMLQ1N,64
2024-07-09,B09KTMLQ1N,63
2024-07-10,B09KTMLQ1N,60
2024-07-11,B09KTMLQ1N,58
2024-07-12,B09KTMLQ1N,56
2024-07-13,B09KTMLQ1N,54
2024-07-14,B09KTMLQ1N,52
2024-07-15,B09KTMLQ1N,51
2024-07-01,B09MR5WS3Y,1
2024-07-02,B09MR5WS3Y,0
2024-07-03,B09MR5WS3Y,0
2024-07-04,B09MR5WS3Y,0
2024-07-05,B09MR5WS3Y,0
2024-07-06,B09MR5WS3Y,0
2024-07-07,B09MR5WS3Y,0
2024-07-08,B09MR5WS3Y,0
2024-07-09,B09MR5WS3Y,0
2024-07-10,B09MR5WS3Y,0
2024-07-11,B09MR5WS3Y,0
2024-07-12,B09MR5WS3Y,0
2024-07-13,B09MR5WS3Y,0
2024-07-14,B09MR5WS3Y,0
2024-07-15,B09MR5WS3Y,0
2024-07-01,B09KSXP3HN,27
2024-07-02,B09KSXP3HN,27
2024-07-03,B09KSXP3HN,27
2024-07-04,B09KSXP3HN,27
2024-07-05,B09KSXP3HN,27
2024-07-06,B09KSXP3HN,27
2024-07-07,B09KSXP3HN,27
2024-07-08,B09KSXP3HN,27
2024-07-09,B09KSXP3HN,27
2024-07-10,B09KSXP3HN,27
2024-07-11,B09KSXP3HN,27
2024-07-12,B09KSXP3HN,27
2024-07-13,B09KSXP3HN,27
2024-07-14,B09KSXP3HN,27
2024-07-15,B09KSXP3HN,27
2024-07-01,B09MR3XT5G,51
2024-07-02,B09MR3XT5G,51
2024-07-03,B09MR3XT5G,52
2024-07-04,B09MR3XT5G,52
2024-07-05,B09MR3XT5G,53
2024-07-06,B09MR3XT5G,52
2024-07-07,B09MR3XT5G,52
2024-07-08,B09MR3XT5G,52
2024-07-09,B09MR3XT5G,52
2024-07-10,B09MR3XT5G,52
2024-07-11,B09MR3XT5G,52
2024-07-12,B09MR3XT5G,52
2024-07-13,B09MR3XT5G,52
2024-07-14,B09MR3XT5G,52
2024-07-15,B09MR3XT5G,52
2024-07-01,B09MR3Y296,23
2024-07-02,B09MR3Y296,31
2024-07-03,B09MR3Y296,36
2024-07-04,B09MR3Y296,45
2024-07-05,B09MR3Y296,49
2024-07-06,B09MR3Y296,53
2024-07-07,B09MR3Y296,56
2024-07-08,B09MR3Y296,58
2024-07-09,B09MR3Y296,60
2024-07-10,B09MR3Y296,62
2024-07-11,B09MR3Y296,63
2024-07-12,B09MR3Y296,64
2024-07-13,B09MR3Y296,65
2024-07-14,B09MR3Y296,66
2024-07-15,B09MR3Y296,66
2024-07-01,B09MR4B13C,47
2024-07-02,B09MR4B13C,58
2024-07-03,B09MR4B13C,64
2024-07-04,B09MR4B13C,71
2024-07-05,B09MR4B13C,77
2024-07-06,B09MR4B13C,82
2024-07-07,B09MR4B13C,86
2024-07-08,B09MR4B13C,90
2024-07-09,B09MR4B13C,93
2024-07-10,B09MR4B13C,95
2024-07-11,B09MR4B13C,98
2024-07-12,B09MR4B13C,99
2024-07-13,B09MR4B13C,101
2024-07-14,B09MR4B13C,102
2024-07-15,B09MR4B13C,103
2024-07-01,B09MR4G722,9
2024-07-02,B09MR4G722,7
2024-07-03,B09MR4G722,8
2024-07-04,B09MR4G722,8
2024-07-05,B09MR4G722,8
2024-07-06,B09MR4G722,8
2024-07-07,B09MR4G722,8
2024-07-08,B09MR4G722,8
2024-07-09,B09MR4G722,8
2024-07-10,B09MR4G722,8
2024-07-11,B09MR4G722,8
2024-07-15,B09MR4G722,8
2024-07-16,B09MR4G722,8
2024-07-17,B09MR4G722,8
2024-07-18,B09MR4G722,8
2024-07-01,B09MR4Z3H8,5
2024-07-02,B09MR4Z3H8,5
2024-07-03,B09MR4Z3H8,5
2024-07-04,B09MR4Z3H8,5
2024-07-05,B09MR4Z3H8,5
2024-07-06,B09MR4Z3H8,5
2024-07-07,B09MR4Z3H8,5
2024-07-08,B09MR4Z3H8,5
2024-07-09,B09MR4Z3H8,5
2024-07-10,B09MR4Z3H8,5
2024-07-11,B09MR4Z3H8,5
2024-07-12,B09MR4Z3H8,5
2024-07-13,B09MR4Z3H8,5
2024-07-14,B09MR4Z3H8,5
2024-07-15,B09MR4Z3H8,5
2024-07-03,B09MR5Q6HJ,0
2024-07-04,B09MR5Q6HJ,1
2024-07-05,B09MR5Q6HJ,1
2024-07-06,B09MR5Q6HJ,1
2024-07-07,B09MR5Q6HJ,1
2024-07-08,B09MR5Q6HJ,1
2024-07-20,B09MR5Q6HJ,1
2024-07-21,B09MR5Q6HJ,1
2024-07-22,B09MR5Q6HJ,1
2024-07-23,B09MR5Q6HJ,1
2024-07-01,B09MR2FY5D,12
2024-07-02,B09MR2FY5D,7
2024-07-03,B09MR2FY5D,10
2024-07-04,B09MR2FY5D,10
2024-07-05,B09MR2FY5D,10
2024-07-06,B09MR2FY5D,10
2024-07-07,B09MR2FY5D,10
2024-07-08,B09MR2FY5D,10
2024-07-09,B09MR2FY5D,10
2024-07-10,B09MR2FY5D,10
2024-07-11,B09MR2FY5D,10
2024-07-12,B09MR2FY5D,10
2024-07-13,B09MR2FY5D,10
2024-07-14,B09MR2FY5D,10
2024-07-15,B09MR2FY5D,10
2024-07-01,B09KDR64LT,0
2024-07-02,B09KDR64LT,0
2024-07-03,B09KDR64LT,0
2024-07-04,B09KDR64LT,0
2024-07-05,B09KDR64LT,0
2024-07-06,B09KDR64LT,0
2024-07-07,B09KDR64LT,0
2024-07-08,B09KDR64LT,0
2024-07-09,B09KDR64LT,0
2024-07-10,B09KDR64LT,0
2024-07-11,B09KDR64LT,0
2024-07-12,B09KDR64LT,0
2024-07-13,B09KDR64LT,0
2024-07-14,B09KDR64LT,0
2024-07-15,B09KDR64LT,0
2024-07-01,B09KDN7PYR,0
2024-07-02,B09KDN7PYR,0
2024-07-03,B09KDN7PYR,1
2024-07-04,B09KDN7PYR,1
2024-07-05,B09KDN7PYR,1
2024-07-06,B09KDN7PYR,1
2024-07-07,B09KDN7PYR,1
2024-07-08,B09KDN7PYR,1
2024-07-09,B09KDN7PYR,1
2024-07-10,B09KDN7PYR,1
2024-07-11,B09KDN7PYR,1
2024-07-12,B09KDN7PYR,1
2024-07-13,B09KDN7PYR,1
2024-07-14,B09KDN7PYR,2
2024-07-15,B09KDN7PYR,2
2024-07-01,B09KDVXTP4,0
2024-07-02,B09KDVXTP4,0
2024-07-03,B09KDVXTP4,0
2024-07-04,B09KDVXTP4,0
2024-07-05,B09KDVXTP4,0
2024-07-06,B09KDVXTP4,0
2024-07-07,B09KDVXTP4,0
2024-07-08,B09KDVXTP4,0
2024-07-09,B09KDVXTP4,0
2024-07-10,B09KDVXTP4,0
2024-07-11,B09KDVXTP4,0
2024-07-12,B09KDVXTP4,0
2024-07-13,B09KDVXTP4,0
2024-07-15,B09KDVXTP4,0
2024-07-16,B09KDVXTP4,0
2024-07-01,B09KDXJJ6W,1
2024-07-02,B09KDXJJ6W,0
2024-07-03,B09KDXJJ6W,0
2024-07-04,B09KDXJJ6W,1
2024-07-05,B09KDXJJ6W,1
2024-07-06,B09KDXJJ6W,1
2024-07-07,B09KDXJJ6W,0
2024-07-08,B09KDXJJ6W,1
2024-07-09,B09KDXJJ6W,1
2024-07-10,B09KDXJJ6W,1
2024-07-11,B09KDXJJ6W,1
2024-07-12,B09KDXJJ6W,1
2024-07-13,B09KDXJJ6W,1
2024-07-14,B09KDXJJ6W,1
2024-07-15,B09KDXJJ6W,1
2024-07-01,B09KDPXYG3,0
2024-07-02,B09KDPXYG3,0
2024-07-03,B09KDPXYG3,0
2024-07-04,B09KDPXYG3,0
2024-07-05,B09KDPXYG3,0
2024-07-06,B09KDPXYG3,0
2024-07-07,B09KDPXYG3,0
2024-07-08,B09KDPXYG3,0
2024-07-10,B09KDPXYG3,0
2024-07-11,B09KDPXYG3,0
2024-07-12,B09KDPXYG3,0
2024-07-14,B09KDPXYG3,0
2024-07-15,B09KDPXYG3,0
2024-07-16,B09KDPXYG3,0
2024-07-17,B09KDPXYG3,0
2024-07-01,B09KDNYCYR,1
2024-07-02,B09KDNYCYR,1
2024-07-03,B09KDNYCYR,1
2024-07-04,B09KDNYCYR,2
2024-07-05,B09KDNYCYR,2
2024-07-06,B09KDNYCYR,2
2024-07-07,B09KDNYCYR,2
2024-07-08,B09KDNYCYR,2
2024-07-09,B09KDNYCYR,2
2024-07-10,B09KDNYCYR,3
2024-07-11,B09KDNYCYR,3
2024-07-12,B09KDNYCYR,3
2024-07-16,B09KDNYCYR,3
2024-07-17,B09KDNYCYR,3
2024-07-18,B09KDNYCYR,3
2024-07-01,B09KTFXX6L,5
2024-07-02,B09KTFXX6L,5
2024-07-03,B09KTFXX6L,4
2024-07-04,B09KTFXX6L,4
2024-07-05,B09KTFXX6L,4
2024-07-06,B09KTFXX6L,4
2024-07-07,B09KTFXX6L,4
2024-07-08,B09KTFXX6L,4
2024-07-09,B09KTFXX6L,4
2024-07-10,B09KTFXX6L,4
2024-07-11,B09KTFXX6L,4
2024-07-12,B09KTFXX6L,4
2024-07-13,B09KTFXX6L,4
2024-07-14,B09KTFXX6L,4
2024-07-15,B09KTFXX6L,4
2024-07-01,B09X1F1L26,14
2024-07-02,B09X1F1L26,15
2024-07-03,B09X1F1L26,13
2024-07-04,B09X1F1L26,14
2024-07-05,B09X1F1L26,12
2024-07-06,B09X1F1L26,12
2024-07-07,B09X1F1L26,11
2024-07-08,B09X1F1L26,11
2024-07-09,B09X1F1L26,10
2024-07-10,B09X1F1L26,10
2024-07-11,B09X1F1L26,9
2024-07-12,B09X1F1L26,9
2024-07-13,B09X1F1L26,9
2024-07-14,B09X1F1L26,9
2024-07-15,B09X1F1L26,8
2024-07-01,B09MR4Z3H9,3
2024-07-02,B09MR4Z3H9,3
2024-07-03,B09MR4Z3H9,3
2024-07-04,B09MR4Z3H9,3
2024-07-05,B09MR4Z3H9,3
2024-07-06,B09MR4Z3H9,3
2024-07-07,B09MR4Z3H9,3
2024-07-08,B09MR4Z3H9,3
2024-07-09,B09MR4Z3H9,3
2024-07-10,B09MR4Z3H9,3
2024-07-11,B09MR4Z3H9,3
2024-07-12,B09MR4Z3H9,3
2024-07-13,B09MR4Z3H9,3
2024-07-14,B09MR4Z3H9,3
2024-07-15,B09MR4Z3H9,3
2024-07-01,B09X1HV1NL,1
2024-07-02,B09X1HV1NL,1
2024-07-03,B09X1HV1NL,1
2024-07-04,B09X1HV1NL,1
2024-07-05,B09X1HV1NL,1
2024-07-06,B09X1HV1NL,1
2024-07-07,B09X1HV1NL,1
2024-07-08,B09X1HV1NL,1
2024-07-09,B09X1HV1NL,1
2024-07-10,B09X1HV1NL,1
2024-07-11,B09X1HV1NL,1
2024-07-12,B09X1HV1NL,1
2024-07-13,B09X1HV1NL,1
2024-07-14,B09X1HV1NL,1
2024-07-15,B09X1HV1NL,1
2024-07-01,B09X1JTK49,1
2024-07-02,B09X1JTK49,1
2024-07-03,B09X1JTK49,1
2024-07-04,B09X1JTK49,1
2024-07-05,B09X1JTK49,1
2024-07-06,B09X1JTK49,1
2024-07-07,B09X1JTK49,1
2024-07-08,B09X1JTK49,1
2024-07-09,B09X1JTK49,1
2024-07-10,B09X1JTK49,1
2024-07-11,B09X1JTK49,1
2024-07-12,B09X1JTK49,1
2024-07-13,B09X1JTK49,1
2024-07-14,B09X1JTK49,1
2024-07-15,B09X1JTK49,1
2024-07-01,B09MR36MLJ,1
2024-07-02,B09MR36MLJ,1
2024-07-03,B09MR36MLJ,1
2024-07-04,B09MR36MLJ,1
2024-07-05,B09MR36MLJ,1
2024-07-06,B09MR36MLJ,1
2024-07-07,B09MR36MLJ,1
2024-07-08,B09MR36MLJ,1
2024-07-09,B09MR36MLJ,1
2024-07-10,B09MR36MLJ,1
2024-07-11,B09MR36MLJ,1
2024-07-12,B09MR36MLJ,1
2024-07-14,B09MR36MLJ,1
2024-07-15,B09MR36MLJ,1
2024-07-16,B09MR36MLJ,1
2024-07-01,B09MR56Q9N,4
2024-07-02,B09MR56Q9N,3
2024-07-03,B09MR56Q9N,3
2024-07-04,B09MR56Q9N,3
2024-07-05,B09MR56Q9N,3
2024-07-06,B09MR56Q9N,3
2024-07-07,B09MR56Q9N,3
2024-07-08,B09MR56Q9N,3
2024-07-09,B09MR56Q9N,3
2024-07-10,B09MR56Q9N,3
2024-07-11,B09MR56Q9N,3
2024-07-12,B09MR56Q9N,3
2024-07-13,B09MR56Q9N,3
2024-07-14,B09MR56Q9N,3
2024-07-15,B09MR56Q9N,3
2024-07-01,B09KDTHJ6V,0
2024-07-02,B09KDTHJ6V,0
2024-07-03,B09KDTHJ6V,1
2024-07-04,B09KDTHJ6V,1
2024-07-05,B09KDTHJ6V,1
2024-07-06,B09KDTHJ6V,1
2024-07-07,B09KDTHJ6V,1
2024-07-08,B09KDTHJ6V,1
2024-07-09,B09KDTHJ6V,1
2024-07-10,B09KDTHJ6V,1
2024-07-11,B09KDTHJ6V,1
2024-07-12,B09KDTHJ6V,1
2024-07-13,B09KDTHJ6V,1
2024-07-14,B09KDTHJ6V,1
2024-07-15,B09KDTHJ6V,1
2024-07-01,B09KDQ2BWY,0
2024-07-02,B09KDQ2BWY,1
2024-07-03,B09KDQ2BWY,1
2024-07-04,B09KDQ2BWY,1
2024-07-05,B09KDQ2BWY,1
2024-07-06,B09KDQ2BWY,1
2024-07-07,B09KDQ2BWY,1
2024-07-08,B09KDQ2BWY,1
2024-07-09,B09KDQ2BWY,1
2024-07-10,B09KDQ2BWY,1
2024-07-11,B09KDQ2BWY,1
2024-07-12,B09KDQ2BWY,1
2024-07-13,B09KDQ2BWY,1
2024-07-14,B09KDQ2BWY,1
2024-07-15,B09KDQ2BWY,1
2024-07-01,B09KDYY3SB,0
2024-07-02,B09KDYY3SB,1
2024-07-03,B09KDYY3SB,1
2024-07-04,B09KDYY3SB,1
2024-07-05,B09KDYY3SB,1
2024-07-06,B09KDYY3SB,1
2024-07-07,B09KDYY3SB,1
2024-07-08,B09KDYY3SB,2
2024-07-09,B09KDYY3SB,2
2024-07-10,B09KDYY3SB,2
2024-07-11,B09KDYY3SB,2
2024-07-12,B09KDYY3SB,2
2024-07-13,B09KDYY3SB,2
2024-07-14,B09KDYY3SB,2
2024-07-15,B09KDYY3SB,2
2024-07-01,B09KDW1YKQ,0
2024-07-02,B09KDW1YKQ,0
2024-07-03,B09KDW1YKQ,0
2024-07-04,B09KDW1YKQ,0
2024-07-05,B09KDW1YKQ,0
2024-07-06,B09KDW1YKQ,0
2024-07-07,B09KDW1YKQ,0
2024-07-08,B09KDW1YKQ,0
2024-07-09,B09KDW1YKQ,0
2024-07-10,B09KDW1YKQ,0
2024-07-11,B09KDW1YKQ,0
2024-07-12,B09KDW1YKQ,0
2024-07-13,B09KDW1YKQ,0
2024-07-14,B09KDW1YKQ,0
2024-07-15,B09KDW1YKQ,0
2024-07-01,B09KDZQJ6P,8
2024-07-02,B09KDZQJ6P,8
2024-07-03,B09KDZQJ6P,7
2024-07-04,B09KDZQJ6P,9
2024-07-05,B09KDZQJ6P,9
2024-07-06,B09KDZQJ6P,9
2024-07-07,B09KDZQJ6P,10
2024-07-08,B09KDZQJ6P,10
2024-07-09,B09KDZQJ6P,10
2024-07-10,B09KDZQJ6P,11
2024-07-11,B09KDZQJ6P,11
2024-07-12,B09KDZQJ6P,11
2024-07-13,B09KDZQJ6P,11
2024-07-14,B09KDZQJ6P,11
2024-07-15,B09KDZQJ6P,11
2024-07-01,B09KDLQ2GW,1
2024-07-02,B09KDLQ2GW,1
2024-07-03,B09KDLQ2GW,1
2024-07-04,B09KDLQ2GW,2
2024-07-05,B09KDLQ2GW,2
2024-07-06,B09KDLQ2GW,2
2024-07-07,B09KDLQ2GW,2
2024-07-08,B09KDLQ2GW,2
2024-07-09,B09KDLQ2GW,2
2024-07-10,B09KDLQ2GW,2
2024-07-11,B09KDLQ2GW,2
2024-07-12,B09KDLQ2GW,2
2024-07-13,B09KDLQ2GW,2
2024-07-14,B09KDLQ2GW,2
2024-07-15,B09KDLQ2GW,2
2024-07-16,B09MR4D874,0
2024-07-17,B09MR4D874,0
2024-07-18,B09MR4D874,0
2024-07-19,B09MR4D874,0
2024-07-20,B09MR4D874,0
2024-07-21,B09MR4D874,0
2024-07-22,B09MR4D874,0
2024-07-23,B09MR4D874,0
2024-07-25,B09MR4D874,0
2024-07-26,B09MR4D874,0
2024-07-01,B09MR3RSW8,1
2024-07-02,B09MR3RSW8,1
2024-07-03,B09MR3RSW8,1
2024-07-04,B09MR3RSW8,1
2024-07-05,B09MR3RSW8,1
2024-07-06,B09MR3RSW8,1
2024-07-07,B09MR3RSW8,1
2024-07-08,B09MR3RSW8,1
2024-07-09,B09MR3RSW8,1
2024-07-10,B09MR3RSW8,1
2024-07-11,B09MR3RSW8,1
2024-07-12,B09MR3RSW8,1
2024-07-13,B09MR3RSW8,1
2024-07-14,B09MR3RSW8,1
2024-07-15,B09MR3RSW8,1
2024-07-01,B09X1DHRLN,0
2024-07-02,B09X1DHRLN,0
2024-07-06,B09X1DHRLN,0
2024-07-07,B09X1DHRLN,0
2024-07-08,B09X1DHRLN,0
2024-07-09,B09X1DHRLN,0
2024-07-10,B09X1DHRLN,0
2024-07-11,B09X1DHRLN,0
2024-07-12,B09X1DHRLN,0
2024-07-14,B09X1DHRLN,0
2024-07-15,B09X1DHRLN,0
2024-07-24,B09X1DHRLN,0
2024-07-25,B09X1DHRLN,0
2024-07-26,B09X1DHRLN,0
2024-07-01,B09X1F8C23,4
2024-07-02,B09X1F8C23,4
2024-07-03,B09X1F8C23,3
2024-07-04,B09X1F8C23,3
2024-07-05,B09X1F8C23,3
2024-07-06,B09X1F8C23,3
2024-07-07,B09X1F8C23,3
2024-07-08,B09X1F8C23,3
2024-07-09,B09X1F8C23,3
2024-07-10,B09X1F8C23,3
2024-07-11,B09X1F8C23,3
2024-07-12,B09X1F8C23,3
2024-07-13,B09X1F8C23,3
2024-07-14,B09X1F8C23,3
2024-07-15,B09X1F8C23,3
2024-07-01,B09X1FWK8Z,0
2024-07-02,B09X1FWK8Z,0
2024-07-10,B09X1FWK8Z,0
2024-07-11,B09X1FWK8Z,0
2024-07-12,B09X1FWK8Z,0
2024-07-13,B09X1FWK8Z,0
2024-07-16,B09X1FWK8Z,0
2024-07-25,B09X1FWK8Z,0
2024-07-01,B0B31VFJ6Q,2
2024-07-02,B0B31VFJ6Q,3
2024-07-03,B0B31VFJ6Q,3
2024-07-04,B0B31VFJ6Q,3
2024-07-05,B0B31VFJ6Q,3
2024-07-06,B0B31VFJ6Q,4
2024-07-07,B0B31VFJ6Q,4
2024-07-08,B0B31VFJ6Q,4
2024-07-09,B0B31VFJ6Q,4
2024-07-10,B0B31VFJ6Q,4
2024-07-11,B0B31VFJ6Q,4
2024-07-12,B0B31VFJ6Q,4
2024-07-13,B0B31VFJ6Q,4
2024-07-14,B0B31VFJ6Q,4
2024-07-15,B0B31VFJ6Q,5
2024-07-01,B09X1H629F,0
2024-07-02,B09X1H629F,0
2024-07-01,B0B31Y1FDZ,6
2024-07-02,B0B31Y1FDZ,6
2024-07-03,B0B31Y1FDZ,6
2024-07-04,B0B31Y1FDZ,6
2024-07-05,B0B31Y1FDZ,6
2024-07-06,B0B31Y1FDZ,7
2024-07-07,B0B31Y1FDZ,7
2024-07-08,B0B31Y1FDZ,7
2024-07-09,B0B31Y1FDZ,7
2024-07-10,B0B31Y1FDZ,7
2024-07-11,B0B31Y1FDZ,7
2024-07-12,B0B31Y1FDZ,7
2024-07-13,B0B31Y1FDZ,7
2024-07-14,B0B31Y1FDZ,7
2024-07-15,B0B31Y1FDZ,7
2024-07-01,B0B31VTH56,2
2024-07-02,B0B31VTH56,2
2024-07-03,B0B31VTH56,2
2024-07-04,B0B31VTH56,2
2024-07-05,B0B31VTH56,3
2024-07-06,B0B31VTH56,3
2024-07-07,B0B31VTH56,3
2024-07-10,B0B31VTH56,3
2024-07-11,B0B31VTH56,3
2024-07-12,B0B31VTH56,3
2024-07-14,B0B31VTH56,3
2024-07-15,B0B31VTH56,3
2024-07-16,B0B31VTH56,4
2024-07-17,B0B31VTH56,4
2024-07-18,B0B31VTH56,4
2024-07-01,B0B31V3PKG,0
2024-07-02,B0B31V3PKG,0
2024-07-03,B0B31V3PKG,0
2024-07-04,B0B31V3PKG,0
2024-07-05,B0B31V3PKG,0
2024-07-06,B0B31V3PKG,0
2024-07-07,B0B31V3PKG,0
2024-07-08,B0B31V3PKG,0
2024-07-09,B0B31V3PKG,0
2024-07-10,B0B31V3PKG,0
2024-07-11,B0B31V3PKG,0
2024-07-12,B0B31V3PKG,0
2024-07-13,B0B31V3PKG,0
2024-07-14,B0B31V3PKG,0
2024-07-15,B0B31V3PKG,0
2024-07-01,B0B31T1XMH,1
2024-07-02,B0B31T1XMH,1
2024-07-03,B0B31T1XMH,1
2024-07-04,B0B31T1XMH,1
2024-07-05,B0B31T1XMH,1
2024-07-06,B0B31T1XMH,1
2024-07-07,B0B31T1XMH,1
2024-07-08,B0B31T1XMH,1
2024-07-09,B0B31T1XMH,1
2024-07-10,B0B31T1XMH,1
2024-07-11,B0B31T1XMH,1
2024-07-12,B0B31T1XMH,1
2024-07-13,B0B31T1XMH,1
2024-07-14,B0B31T1XMH,1
2024-07-15,B0B31T1XMH,1
2024-07-01,B0B31SM3ZR,0
2024-07-02,B0B31SM3ZR,0
2024-07-03,B0B31SM3ZR,0
2024-07-04,B0B31SM3ZR,0
2024-07-05,B0B31SM3ZR,0
2024-07-06,B0B31SM3ZR,0
2024-07-07,B0B31SM3ZR,0
2024-07-09,B0B31SM3ZR,0
2024-07-10,B0B31SM3ZR,0
2024-07-11,B0B31SM3ZR,0
2024-07-14,B0B31SM3ZR,0
2024-07-16,B0B31SM3ZR,0
2024-07-17,B0B31SM3ZR,0
2024-07-18,B0B31SM3ZR,0
2024-07-19,B0B31SM3ZR,0
2024-07-01,B0B31R1ZBV,6
2024-07-02,B0B31R1ZBV,7
2024-07-03,B0B31R1ZBV,7
2024-07-04,B0B31R1ZBV,7
2024-07-05,B0B31R1ZBV,8
2024-07-06,B0B31R1ZBV,8
2024-07-07,B0B31R1ZBV,8
2024-07-08,B0B31R1ZBV,8
2024-07-09,B0B31R1ZBV,8
2024-07-10,B0B31R1ZBV,8
2024-07-11,B0B31R1ZBV,8
2024-07-12,B0B31R1ZBV,8
2024-07-13,B0B31R1ZBV,8
2024-07-14,B0B31R1ZBV,8
2024-07-15,B0B31R1ZBV,8
2024-07-16,B0B31SVP2Q,0
2024-07-17,B0B31SVP2Q,0
2024-07-18,B0B31SVP2Q,0
2024-07-19,B0B31SVP2Q,0
2024-07-20,B0B31SVP2Q,0
2024-07-21,B0B31SVP2Q,0
2024-07-22,B0B31SVP2Q,0
2024-07-23,B0B31SVP2Q,0
2024-07-24,B0B31SVP2Q,0
2024-07-01,B0B69DK8JN,14
2024-07-02,B0B69DK8JN,15
2024-07-03,B0B69DK8JN,14
2024-07-04,B0B69DK8JN,15
2024-07-05,B0B69DK8JN,15
2024-07-06,B0B69DK8JN,15
2024-07-07,B0B69DK8JN,15
2024-07-08,B0B69DK8JN,15
2024-07-09,B0B69DK8JN,15
2024-07-10,B0B69DK8JN,15
2024-07-11,B0B69DK8JN,15
2024-07-12,B0B69DK8JN,15
2024-07-13,B0B69DK8JN,15
2024-07-14,B0B69DK8JN,15
2024-07-15,B0B69DK8JN,15
2024-07-01,B0B69DD2C7,3
2024-07-02,B0B69DD2C7,3
2024-07-03,B0B69DD2C7,3
2024-07-04,B0B69DD2C7,3
2024-07-05,B0B69DD2C7,3
2024-07-06,B0B69DD2C7,3
2024-07-07,B0B69DD2C7,3
2024-07-08,B0B69DD2C7,3
2024-07-09,B0B69DD2C7,3
2024-07-10,B0B69DD2C7,3
2024-07-11,B0B69DD2C7,3
2024-07-13,B0B69DD2C7,3
2024-07-14,B0B69DD2C7,3
2024-07-15,B0B69DD2C7,3
2024-07-17,B0B69DD2C7,3
2024-07-01,B0B699PLXD,7
2024-07-02,B0B699PLXD,14
2024-07-03,B0B699PLXD,8
2024-07-04,B0B699PLXD,11
2024-07-05,B0B699PLXD,10
2024-07-06,B0B699PLXD,10
2024-07-07,B0B699PLXD,10
2024-07-08,B0B699PLXD,10
2024-07-09,B0B699PLXD,10
2024-07-10,B0B699PLXD,10
2024-07-11,B0B699PLXD,10
2024-07-12,B0B699PLXD,10
2024-07-13,B0B699PLXD,10
2024-07-14,B0B699PLXD,10
2024-07-16,B0B699PLXD,10
2024-07-01,B0B69FBGN1,1
2024-07-02,B0B69FBGN1,3
2024-07-03,B0B69FBGN1,4
2024-07-04,B0B69FBGN1,5
2024-07-05,B0B69FBGN1,5
2024-07-06,B0B69FBGN1,6
2024-07-07,B0B69FBGN1,6
2024-07-08,B0B69FBGN1,7
2024-07-10,B0B69FBGN1,7
2024-07-11,B0B69FBGN1,7
2024-07-12,B0B69FBGN1,7
2024-07-13,B0B69FBGN1,8
2024-07-15,B0B69FBGN1,8
2024-07-16,B0B69FBGN1,8
2024-07-26,B0B69FBGN1,8
2024-07-01,B0B69GN5KJ,5
2024-07-02,B0B69GN5KJ,4
2024-07-03,B0B69GN5KJ,4
2024-07-04,B0B69GN5KJ,4
2024-07-05,B0B69GN5KJ,4
2024-07-06,B0B69GN5KJ,4
2024-07-07,B0B69GN5KJ,4
2024-07-08,B0B69GN5KJ,4
2024-07-10,B0B69GN5KJ,4
2024-07-11,B0B69GN5KJ,4
2024-07-16,B0B69GN5KJ,4
2024-07-17,B0B69GN5KJ,4
2024-07-18,B0B69GN5KJ,4
2024-07-19,B0B69GN5KJ,4
2024-07-24,B0B69GN5KJ,4
2024-07-01,B0B69B8R3C,3
2024-07-02,B0B69B8R3C,4
2024-07-03,B0B69B8R3C,4
2024-07-04,B0B69B8R3C,5
2024-07-05,B0B69B8R3C,5
2024-07-06,B0B69B8R3C,5
2024-07-07,B0B69B8R3C,5
2024-07-10,B0B69B8R3C,6
2024-07-11,B0B69B8R3C,6
2024-07-12,B0B69B8R3C,6
2024-07-13,B0B69B8R3C,6
2024-07-14,B0B69B8R3C,6
2024-07-15,B0B69B8R3C,6
2024-07-18,B0B69B8R3C,6
2024-07-19,B0B69B8R3C,6
2024-07-01,B0B69G3YRM,0
2024-07-02,B0B69G3YRM,0
2024-07-10,B0B69G3YRM,0
2024-07-11,B0B69G3YRM,1
2024-07-20,B0B69G3YRM,1
2024-07-21,B0B69G3YRM,1
2024-07-22,B0B69G3YRM,1
2024-07-09,B0B69N4B1S,1
2024-07-10,B0B69N4B1S,1
2024-07-11,B0B69N4B1S,1
2024-07-16,B0B69N4B1S,1
2024-07-18,B0B69N4B1S,1
2024-07-19,B0B69N4B1S,1
2024-07-01,B0B69SF1BT,11
2024-07-02,B0B69SF1BT,11
2024-07-03,B0B69SF1BT,11
2024-07-04,B0B69SF1BT,11
2024-07-05,B0B69SF1BT,11
2024-07-06,B0B69SF1BT,11
2024-07-07,B0B69SF1BT,11
2024-07-08,B0B69SF1BT,11
2024-07-10,B0B69SF1BT,11
2024-07-11,B0B69SF1BT,11
2024-07-13,B0B69SF1BT,11
2024-07-15,B0B69SF1BT,11
2024-07-16,B0B69SF1BT,11
2024-07-17,B0B69SF1BT,11
2024-07-18,B0B69SF1BT,11
2024-07-01,B0B69C4GST,3
2024-07-02,B0B69C4GST,3
2024-07-03,B0B69C4GST,3
2024-07-04,B0B69C4GST,3
2024-07-05,B0B69C4GST,3
2024-07-06,B0B69C4GST,3
2024-07-07,B0B69C4GST,3
2024-07-08,B0B69C4GST,3
2024-07-09,B0B69C4GST,3
2024-07-10,B0B69C4GST,3
2024-07-11,B0B69C4GST,3
2024-07-13,B0B69C4GST,3
2024-07-15,B0B69C4GST,3
2024-07-16,B0B69C4GST,3
2024-07-18,B0B69C4GST,3
2024-07-01,B0BG2Z8CY4,0
2024-07-02,B0BG2Z8CY4,0
2024-07-03,B0BG2Z8CY4,0
2024-07-04,B0BG2Z8CY4,0
2024-07-05,B0BG2Z8CY4,0
2024-07-08,B0BG2Z8CY4,0
2024-07-10,B0BG2Z8CY4,0
2024-07-11,B0BG2Z8CY4,0
2024-07-21,B0BG2Z8CY4,0
2024-07-22,B0BG2Z8CY4,0
2024-07-25,B0BG2Z8CY4,0
2024-07-06,B0BG2VYWSG,1
2024-07-07,B0BG2VYWSG,1
2024-07-14,B0BG2VYWSG,1
2024-07-15,B0BG2VYWSG,1
2024-07-17,B0BG2VYWSG,1
2024-07-01,B0BG2PD396,3
2024-07-02,B0BG2PD396,4
2024-07-03,B0BG2PD396,4
2024-07-04,B0BG2PD396,4
2024-07-05,B0BG2PD396,4
2024-07-06,B0BG2PD396,4
2024-07-07,B0BG2PD396,4
2024-07-08,B0BG2PD396,4
2024-07-09,B0BG2PD396,4
2024-07-10,B0BG2PD396,4
2024-07-11,B0BG2PD396,4
2024-07-12,B0BG2PD396,4
2024-07-13,B0BG2PD396,4
2024-07-14,B0BG2PD396,4
2024-07-15,B0BG2PD396,4
2024-07-01,B0BG2T78CJ,3
2024-07-02,B0BG2T78CJ,5
2024-07-03,B0BG2T78CJ,3
2024-07-04,B0BG2T78CJ,4
2024-07-05,B0BG2T78CJ,3
2024-07-06,B0BG2T78CJ,3
2024-07-07,B0BG2T78CJ,3
2024-07-09,B0BG2T78CJ,3
2024-07-10,B0BG2T78CJ,3
2024-07-11,B0BG2T78CJ,3
2024-07-12,B0BG2T78CJ,3
2024-07-13,B0BG2T78CJ,3
2024-07-16,B0BG2T78CJ,3
2024-07-17,B0BG2T78CJ,3
2024-07-18,B0BG2T78CJ,3
2024-07-03,B0BG2QXQ9V,0
2024-07-04,B0BG2QXQ9V,0
2024-07-05,B0BG2QXQ9V,0
2024-07-01,B0BGDXV7FD,4
2024-07-02,B0BGDXV7FD,4
2024-07-03,B0BGDXV7FD,4
2024-07-04,B0BGDXV7FD,4
2024-07-05,B0BGDXV7FD,4
2024-07-06,B0BGDXV7FD,5
2024-07-07,B0BGDXV7FD,5
2024-07-08,B0BGDXV7FD,5
2024-07-09,B0BGDXV7FD,5
2024-07-10,B0BGDXV7FD,5
2024-07-11,B0BGDXV7FD,6
2024-07-12,B0BGDXV7FD,6
2024-07-13,B0BGDXV7FD,6
2024-07-14,B0BGDXV7FD,6
2024-07-15,B0BGDXV7FD,6
2024-07-01,B0BGDX2Z3L,45
2024-07-02,B0BGDX2Z3L,45
2024-07-03,B0BGDX2Z3L,47
2024-07-04,B0BGDX2Z3L,47
2024-07-05,B0BGDX2Z3L,48
2024-07-06,B0BGDX2Z3L,49
2024-07-07,B0BGDX2Z3L,49
2024-07-08,B0BGDX2Z3L,50
2024-07-09,B0BGDX2Z3L,50
2024-07-10,B0BGDX2Z3L,51
2024-07-11,B0BGDX2Z3L,51
2024-07-12,B0BGDX2Z3L,52
2024-07-13,B0BGDX2Z3L,52
2024-07-14,B0BGDX2Z3L,52
2024-07-15,B0BGDX2Z3L,53
2024-07-01,B0BDRQWBK9,37
2024-07-02,B0BDRQWBK9,32
2024-07-03,B0BDRQWBK9,41
2024-07-04,B0BDRQWBK9,34
2024-07-05,B0BDRQWBK9,37
2024-07-06,B0BDRQWBK9,37
2024-07-07,B0BDRQWBK9,35
2024-07-08,B0BDRQWBK9,37
2024-07-09,B0BDRQWBK9,36
2024-07-10,B0BDRQWBK9,36
2024-07-11,B0BDRQWBK9,37
2024-07-14,B0BDRQWBK9,36
2024-07-16,B0BDRQWBK9,37
2024-07-18,B0BDRQWBK9,36
2024-07-19,B0BDRQWBK9,36
2024-07-01,B0BDRTZTGX,24
2024-07-02,B0BDRTZTGX,21
2024-07-03,B0BDRTZTGX,22
2024-07-04,B0BDRTZTGX,22
2024-07-05,B0BDRTZTGX,22
2024-07-06,B0BDRTZTGX,22
2024-07-07,B0BDRTZTGX,22
2024-07-08,B0BDRTZTGX,22
2024-07-09,B0BDRTZTGX,22
2024-07-10,B0BDRTZTGX,22
2024-07-11,B0BDRTZTGX,22
2024-07-12,B0BDRTZTGX,22
2024-07-13,B0BDRTZTGX,22
2024-07-14,B0BDRTZTGX,22
2024-07-15,B0BDRTZTGX,22
2024-07-01,B0BGDWGRQB,21
2024-07-02,B0BGDWGRQB,26
2024-07-03,B0BGDWGRQB,30
2024-07-04,B0BGDWGRQB,35
2024-07-05,B0BGDWGRQB,38
2024-07-06,B0BGDWGRQB,42
2024-07-07,B0BGDWGRQB,46
2024-07-08,B0BGDWGRQB,49
2024-07-09,B0BGDWGRQB,53
2024-07-10,B0BGDWGRQB,56
2024-07-11,B0BGDWGRQB,59
2024-07-12,B0BGDWGRQB,63
2024-07-13,B0BGDWGRQB,66
2024-07-14,B0BGDWGRQB,69
2024-07-15,B0BGDWGRQB,71
2024-07-01,B0BDRS6R5Z,0
2024-07-02,B0BDRS6R5Z,0
2024-07-03,B0BDRS6R5Z,0
2024-07-04,B0BDRS6R5Z,0
2024-07-05,B0BDRS6R5Z,0
2024-07-08,B0BDRS6R5Z,0
2024-07-09,B0BDRS6R5Z,0
2024-07-15,B0BDRS6R5Z,0
2024-07-16,B0BDRS6R5Z,0
2024-07-18,B0BDRS6R5Z,0
2024-07-19,B0BDRS6R5Z,0
2024-07-24,B0BDRS6R5Z,0
2024-07-25,B0BDRS6R5Z,0
2024-07-26,B0BDRS6R5Z,0
2024-07-01,B0BGDZLDX2,46
2024-07-02,B0BGDZLDX2,50
2024-07-03,B0BGDZLDX2,47
2024-07-04,B0BGDZLDX2,50
2024-07-05,B0BGDZLDX2,49
2024-07-06,B0BGDZLDX2,50
2024-07-07,B0BGDZLDX2,49
2024-07-08,B0BGDZLDX2,49
2024-07-09,B0BGDZLDX2,49
2024-07-10,B0BGDZLDX2,49
2024-07-11,B0BGDZLDX2,50
2024-07-12,B0BGDZLDX2,50
2024-07-14,B0BGDZLDX2,50
2024-07-15,B0BGDZLDX2,50
2024-07-16,B0BGDZLDX2,50
2024-07-01,B0BGDXM13S,0
2024-07-02,B0BGDXM13S,0
2024-07-03,B0BGDXM13S,0
2024-07-04,B0BGDXM13S,0
2024-07-05,B0BGDXM13S,0
2024-07-06,B0BGDXM13S,0
2024-07-07,B0BGDXM13S,0
2024-07-08,B0BGDXM13S,0
2024-07-09,B0BGDXM13S,0
2024-07-10,B0BGDXM13S,1
2024-07-11,B0BGDXM13S,1
2024-07-12,B0BGDXM13S,1
2024-07-14,B0BGDXM13S,1
2024-07-15,B0BGDXM13S,1
2024-07-18,B0BGDXM13S,1
2024-07-16,B0BNL2VK7L,0
2024-07-17,B0BNL2VK7L,0
2024-07-18,B0BNL2VK7L,0
2024-07-19,B0BNL2VK7L,0
2024-07-20,B0BNL2VK7L,0
2024-07-23,B0BNL2VK7L,0
2024-07-01,B0BNL5BKMK,0
2024-07-02,B0BNL5BKMK,0
2024-07-03,B0BNL5BKMK,0
2024-07-04,B0BNL5BKMK,0
2024-07-05,B0BNL5BKMK,0
2024-07-06,B0BNL5BKMK,0
2024-07-07,B0BNL5BKMK,0
2024-07-08,B0BNL5BKMK,0
2024-07-09,B0BNL5BKMK,0
2024-07-10,B0BNL5BKMK,0
2024-07-11,B0BNL5BKMK,0
2024-07-12,B0BNL5BKMK,0
2024-07-13,B0BNL5BKMK,0
2024-07-14,B0BNL5BKMK,0
2024-07-15,B0BNL5BKMK,0
2024-07-01,B0BNKZ9BJR,0
2024-07-02,B0BNKZ9BJR,0
2024-07-03,B0BNKZ9BJR,0
2024-07-04,B0BNKZ9BJR,0
2024-07-05,B0BNKZ9BJR,0
2024-07-06,B0BNKZ9BJR,0
2024-07-07,B0BNKZ9BJR,0
2024-07-08,B0BNKZ9BJR,0
2024-07-09,B0BNKZ9BJR,0
2024-07-10,B0BNKZ9BJR,0
2024-07-11,B0BNKZ9BJR,0
2024-07-16,B0BNKZ9BJR,0
2024-07-17,B0BNKZ9BJR,0
2024-07-18,B0BNKZ9BJR,0
2024-07-19,B0BNKZ9BJR,0
2024-07-03,B0BNKZKGFG,0
2024-07-04,B0BNKZKGFG,0
2024-07-05,B0BNKZKGFG,0
2024-07-21,B0BNKZKGFG,0
2024-07-22,B0BNKZKGFG,0
2024-07-23,B0BNKZKGFG,0
2024-07-01,B0BNKZYHRX,0
2024-07-02,B0BNKZYHRX,1
2024-07-18,B0BNKZYHRX,1
2024-07-19,B0BNKZYHRX,1
2024-07-01,B0BRDCJWJC,2
2024-07-02,B0BRDCJWJC,2
2024-07-03,B0BRDCJWJC,2
2024-07-04,B0BRDCJWJC,2
2024-07-05,B0BRDCJWJC,2
2024-07-06,B0BRDCJWJC,2
2024-07-07,B0BRDCJWJC,2
2024-07-08,B0BRDCJWJC,2
2024-07-09,B0BRDCJWJC,2
2024-07-10,B0BRDCJWJC,2
2024-07-11,B0BRDCJWJC,2
2024-07-12,B0BRDCJWJC,2
2024-07-13,B0BRDCJWJC,1
2024-07-14,B0BRDCJWJC,1
2024-07-15,B0BRDCJWJC,1
2024-07-03,B0BNL43XHH,0
2024-07-04,B0BNL43XHH,0
2024-07-05,B0BNL43XHH,0
2024-07-23,B0BNL4HPH9,0
2024-07-24,B0BNL4HPH9,0
2024-07-25,B0BNL4HPH9,0
2024-07-18,B0BNL4NX61,0
2024-07-19,B0BNL4NX61,0
2024-07-01,B0BNL11QD8,0
2024-07-02,B0BNL11QD8,0
2024-07-03,B0BNL11QD8,0
2024-07-04,B0BNL11QD8,0
2024-07-05,B0BNL11QD8,0
2024-07-10,B0BNL11QD8,0
2024-07-11,B0BNL11QD8,0
2024-07-16,B0BNL11QD8,0
2024-07-17,B0BNL11QD8,0
2024-07-18,B0BNL11QD8,0
2024-07-19,B0BNL11QD8,0
2024-07-24,B0BNL11QD8,0
2024-07-25,B0BNL11QD8,0
2024-07-26,B0BNL11QD8,0
2024-07-01,B0BNKXC5H1,0
2024-07-02,B0BNKXC5H1,0
2024-07-03,B0BNKXC5H1,0
2024-07-04,B0BNKXC5H1,0
2024-07-05,B0BNKXC5H1,0
2024-07-16,B0BNL117VT,0
2024-07-24,B0BNL117VT,0
2024-07-25,B0BNL117VT,0
2024-07-16,B0BNKZF51P,0
2024-07-17,B0BNKZF51P,0
2024-07-18,B0BNKZF51P,0
2024-07-19,B0BNKZF51P,0
2024-07-01,B0BNKZ88Z5,0
2024-07-02,B0BNKZ88Z5,0
2024-07-03,B0BNKZ88Z5,0
2024-07-04,B0BNKZ88Z5,0
2024-07-05,B0BNKZ88Z5,0
2024-07-06,B0BNKZ88Z5,0
2024-07-07,B0BNKZ88Z5,0
2024-07-08,B0BNKZ88Z5,0
2024-07-09,B0BNKZ88Z5,0
2024-07-10,B0BNKZ88Z5,0
2024-07-11,B0BNKZ88Z5,0
2024-07-12,B0BNKZ88Z5,0
2024-07-13,B0BNKZ88Z5,0
2024-07-14,B0BNKZ88Z5,0
2024-07-15,B0BNKZ88Z5,0
2024-07-16,B0BNKZ5BR1,0
2024-07-17,B0BNKZ5BR1,0
2024-07-18,B0BNKZ5BR1,0
2024-07-19,B0BNKZ5BR1,0
2024-07-20,B0BNKZ5BR1,0
2024-07-21,B0BNKZ5BR1,0
2024-07-22,B0BNKZ5BR1,0
2024-07-23,B0BNKZ5BR1,0
2024-07-24,B0BNKZ5BR1,0
2024-07-25,B0BNKZ5BR1,0
2024-07-26,B0BNKZ5BR1,0
2024-07-01,B0BNKYZD2Z,0
2024-07-02,B0BNKYZD2Z,0
2024-07-03,B0BNKYZD2Z,0
2024-07-04,B0BNKYZD2Z,0
2024-07-05,B0BNKYZD2Z,0
2024-07-06,B0BNKYZD2Z,0
2024-07-07,B0BNKYZD2Z,0
2024-07-08,B0BNKYZD2Z,0
2024-07-09,B0BNKYZD2Z,0
2024-07-10,B0BNKYZD2Z,0
2024-07-11,B0BNKYZD2Z,0
2024-07-12,B0BNKYZD2Z,0
2024-07-13,B0BNKYZD2Z,0
2024-07-14,B0BNKYZD2Z,0
2024-07-15,B0BNKYZD2Z,0
2024-07-01,B0BRCYJ33N,1
2024-07-02,B0BRCYJ33N,1
2024-07-03,B0BRCYJ33N,1
2024-07-04,B0BRCYJ33N,1
2024-07-05,B0BRCYJ33N,1
2024-07-06,B0BRCYJ33N,1
2024-07-07,B0BRCYJ33N,1
2024-07-08,B0BRCYJ33N,1
2024-07-09,B0BRCYJ33N,1
2024-07-10,B0BRCYJ33N,1
2024-07-11,B0BRCYJ33N,1
2024-07-12,B0BRCYJ33N,1
2024-07-13,B0BRCYJ33N,1
2024-07-14,B0BRCYJ33N,1
2024-07-15,B0BRCYJ33N,1
2024-07-15,B0BNL1MQ48,0
2024-07-16,B0BNL1MQ48,0
2024-07-12,B0BNL46Y7W,0
2024-07-18,B0BNL46Y7W,0
2024-07-19,B0BNL46Y7W,0
2024-07-16,B0BNKYW36G,0
2024-07-17,B0BNKYW36G,0
2024-07-24,B0BNKYW36G,0
2024-07-25,B0BNKYW36G,0
2024-07-01,B0BNL4S6MB,0
2024-07-02,B0BNL4S6MB,0
2024-07-03,B0BNL4S6MB,0
2024-07-04,B0BNL4S6MB,0
2024-07-05,B0BNL4S6MB,0
2024-07-10,B0BNL4S6MB,0
2024-07-11,B0BNL4S6MB,0
2024-07-20,B0BNL4S6MB,0
2024-07-21,B0BNL4S6MB,0
2024-07-22,B0BNL4S6MB,0
2024-07-17,B0BNL5N28Z,0
2024-07-18,B0BNL5N28Z,1
2024-07-19,B0BNL5N28Z,1
2024-07-01,B0BRDCBGFD,9
2024-07-02,B0BRDCBGFD,9
2024-07-03,B0BRDCBGFD,9
2024-07-04,B0BRDCBGFD,9
2024-07-05,B0BRDCBGFD,8
2024-07-06,B0BRDCBGFD,8
2024-07-07,B0BRDCBGFD,8
2024-07-08,B0BRDCBGFD,8
2024-07-09,B0BRDCBGFD,8
2024-07-10,B0BRDCBGFD,7
2024-07-11,B0BRDCBGFD,7
2024-07-12,B0BRDCBGFD,7
2024-07-13,B0BRDCBGFD,7
2024-07-14,B0BRDCBGFD,7
2024-07-15,B0BRDCBGFD,7
2024-07-01,B0BRCYQNSW,9
2024-07-02,B0BRCYQNSW,16
2024-07-03,B0BRCYQNSW,19
2024-07-04,B0BRCYQNSW,22
2024-07-05,B0BRCYQNSW,25
2024-07-06,B0BRCYQNSW,27
2024-07-07,B0BRCYQNSW,30
2024-07-08,B0BRCYQNSW,32
2024-07-09,B0BRCYQNSW,34
2024-07-10,B0BRCYQNSW,36
2024-07-11,B0BRCYQNSW,37
2024-07-12,B0BRCYQNSW,39
2024-07-13,B0BRCYQNSW,40
2024-07-14,B0BRCYQNSW,42
2024-07-15,B0BRCYQNSW,43
2024-07-01,B0BRCXXBG2,8
2024-07-02,B0BRCXXBG2,6
2024-07-03,B0BRCXXBG2,6
2024-07-04,B0BRCXXBG2,6
2024-07-05,B0BRCXXBG2,6
2024-07-06,B0BRCXXBG2,6
2024-07-07,B0BRCXXBG2,7
2024-07-08,B0BRCXXBG2,7
2024-07-09,B0BRCXXBG2,7
2024-07-10,B0BRCXXBG2,7
2024-07-11,B0BRCXXBG2,7
2024-07-12,B0BRCXXBG2,7
2024-07-13,B0BRCXXBG2,7
2024-07-14,B0BRCXXBG2,7
2024-07-15,B0BRCXXBG2,7
2024-07-01,B0BRCXQMS5,9
2024-07-02,B0BRCXQMS5,9
2024-07-03,B0BRCXQMS5,9
2024-07-04,B0BRCXQMS5,9
2024-07-05,B0BRCXQMS5,9
2024-07-06,B0BRCXQMS5,9
2024-07-07,B0BRCXQMS5,9
2024-07-08,B0BRCXQMS5,9
2024-07-09,B0BRCXQMS5,9
2024-07-10,B0BRCXQMS5,9
2024-07-11,B0BRCXQMS5,9
2024-07-12,B0BRCXQMS5,9
2024-07-13,B0BRCXQMS5,9
2024-07-14,B0BRCXQMS5,9
2024-07-15,B0BRCXQMS5,9
2024-07-01,B0BRCXDHBX,3
2024-07-02,B0BRCXDHBX,4
2024-07-03,B0BRCXDHBX,4
2024-07-04,B0BRCXDHBX,5
2024-07-05,B0BRCXDHBX,5
2024-07-06,B0BRCXDHBX,5
2024-07-07,B0BRCXDHBX,5
2024-07-08,B0BRCXDHBX,5
2024-07-09,B0BRCXDHBX,5
2024-07-10,B0BRCXDHBX,5
2024-07-11,B0BRCXDHBX,5
2024-07-12,B0BRCXDHBX,5
2024-07-13,B0BRCXDHBX,5
2024-07-14,B0BRCXDHBX,5
2024-07-15,B0BRCXDHBX,5
2024-07-01,B0BRCXCXCV,0
2024-07-02,B0BRCXCXCV,0
2024-07-03,B0BRCXCXCV,0
2024-07-04,B0BRCXCXCV,0
2024-07-05,B0BRCXCXCV,0
2024-07-06,B0BRCXCXCV,0
2024-07-07,B0BRCXCXCV,0
2024-07-08,B0BRCXCXCV,0
2024-07-09,B0BRCXCXCV,0
2024-07-10,B0BRCXCXCV,0
2024-07-11,B0BRCXCXCV,0
2024-07-12,B0BRCXCXCV,0
2024-07-13,B0BRCXCXCV,0
2024-07-14,B0BRCXCXCV,0
2024-07-15,B0BRCXCXCV,0
2024-07-16,B0BNL6H152,0
2024-07-17,B0BNL6H152,0
2024-07-18,B0BNL6H152,0
2024-07-19,B0BNL6H152,0
2024-07-20,B0BNL6H152,0
2024-07-01,B0BRCYJ4SR,34
2024-07-02,B0BRCYJ4SR,27
2024-07-03,B0BRCYJ4SR,27
2024-07-04,B0BRCYJ4SR,27
2024-07-05,B0BRCYJ4SR,27
2024-07-06,B0BRCYJ4SR,27
2024-07-07,B0BRCYJ4SR,27
2024-07-08,B0BRCYJ4SR,27
2024-07-09,B0BRCYJ4SR,27
2024-07-10,B0BRCYJ4SR,27
2024-07-11,B0BRCYJ4SR,27
2024-07-14,B0BRCYJ4SR,27
2024-07-15,B0BRCYJ4SR,27
2024-07-16,B0BRCYJ4SR,27
2024-07-17,B0BRCYJ4SR,27
2024-07-09,B0BNKZBJX2,0
2024-07-10,B0BNKZBJX2,0
2024-07-11,B0BNKZBJX2,0
2024-07-16,B0BNKZBJX2,0
2024-07-17,B0BNKZBJX2,0
2024-07-18,B0BNKZBJX2,0
2024-07-19,B0BNKZBJX2,0
2024-07-20,B0BNKZBJX2,0
2024-07-21,B0BNKZBJX2,0
2024-07-22,B0BNKZBJX2,0
2024-07-23,B0BNKZBJX2,0
2024-07-24,B0BNKZBJX2,0
2024-07-01,B0BNKY8RQN,0
2024-07-02,B0BNKY8RQN,0
2024-07-12,B0BNKY8RQN,0
2024-07-13,B0BNKY8RQN,0
2024-07-17,B0BNKY8RQN,0
2024-07-18,B0BNKY8RQN,0
2024-07-19,B0BNKY8RQN,0
2024-07-20,B0BNKY8RQN,0
2024-07-10,B0BNKYPVM6,0
2024-07-11,B0BNKYPVM6,0
2024-07-12,B0BNKYPVM6,0
2024-07-13,B0BNKYPVM6,0
2024-07-14,B0BNKYPVM6,0
2024-07-15,B0BNKYPVM6,0
2024-07-21,B0BNKYPVM6,0
2024-07-22,B0BNKYPVM6,0
2024-07-23,B0BNKYPVM6,0
2024-07-18,B0BNKZ6N9L,0
2024-07-19,B0BNKZ6N9L,0
2024-07-08,B0BNL13PNY,0
2024-07-09,B0BNL13PNY,0
2024-07-16,B0BNL13PNY,0
2024-07-17,B0BNL13PNY,0
2024-07-18,B0BNL13PNY,0
2024-07-19,B0BNL13PNY,0
2024-07-20,B0BNL13PNY,0
2024-07-21,B0BNL13PNY,0
2024-07-22,B0BNL13PNY,0
2024-07-23,B0BNL13PNY,0
2024-07-24,B0BNL13PNY,0
2024-07-25,B0BNL13PNY,0
2024-07-16,B0BNL1WL6R,0
2024-07-17,B0BNL1WL6R,0
2024-07-01,B0BNL1CG6X,0
2024-07-02,B0BNL1CG6X,0
2024-07-09,B0BNL1CG6X,0
2024-07-10,B0BNL1CG6X,0
2024-07-11,B0BNL1CG6X,0
2024-07-16,B0BNL4S7GH,0
2024-07-17,B0BNL4S7GH,0
2024-07-18,B0BNL4S7GH,0
2024-07-19,B0BNL4S7GH,0
2024-07-21,B0BNL4S7GH,0
2024-07-22,B0BNL4S7GH,0
2024-07-03,B0BNL3RDG4,0
2024-07-04,B0BNL3RDG4,0
2024-07-05,B0BNL3RDG4,0
2024-07-09,B0BNL3RDG4,0
2024-07-10,B0BNL3RDG4,0
2024-07-11,B0BNL3RDG4,0
2024-07-16,B0BNL3RDG4,0
2024-07-17,B0BNL3RDG4,0
2024-07-18,B0BNL3RDG4,0
2024-07-19,B0BNL3RDG4,0
2024-07-20,B0BNL3RDG4,0
2024-07-21,B0BNL3RDG4,0
2024-07-22,B0BNL3RDG4,0
2024-07-01,B0BNL3YY1C,0
2024-07-02,B0BNL3YY1C,0
2024-07-17,B0BNL3YY1C,0
2024-07-18,B0BNL3YY1C,0
2024-07-19,B0BNL3YY1C,0
2024-07-15,B0BNL3ZV7H,0
2024-07-16,B0BNL3ZV7H,0
2024-07-08,B0BNL4CB4X,0
2024-07-10,B0BNL4CB4X,0
2024-07-11,B0BNL4CB4X,0
2024-07-23,B0BNL4CB4X,0
2024-07-26,B0BNL4CB4X,0
2024-07-01,B0BNL4L4K5,0
2024-07-02,B0BNL4L4K5,0
2024-07-01,B0BNL3J36Z,0
2024-07-02,B0BNL3J36Z,0
2024-07-03,B0BNL3J36Z,0
2024-07-04,B0BNL3J36Z,0
2024-07-05,B0BNL3J36Z,0
2024-07-06,B0BNL3J36Z,0
2024-07-07,B0BNL3J36Z,0
2024-07-08,B0BNL3J36Z,0
2024-07-09,B0BNL3J36Z,0
2024-07-10,B0BNL3J36Z,0
2024-07-11,B0BNL3J36Z,0
2024-07-12,B0BNL3J36Z,0
2024-07-13,B0BNL3J36Z,0
2024-07-14,B0BNL3J36Z,0
2024-07-15,B0BNL3J36Z,0
2024-07-03,B0BNL4Y2J9,0
2024-07-04,B0BNL4Y2J9,0
2024-07-05,B0BNL4Y2J9,0
2024-07-06,B0BNL4Y2J9,0
2024-07-07,B0BNL4Y2J9,0
2024-07-08,B0BNL4Y2J9,0
2024-07-09,B0BNL4Y2J9,0
2024-07-10,B0BNL4Y2J9,0
2024-07-11,B0BNL4Y2J9,0
2024-07-16,B0BNL4Y2J9,0
2024-07-17,B0BNL4Y2J9,0
2024-07-18,B0BNL4Y2J9,0
2024-07-19,B0BNL4Y2J9,0
2024-07-20,B0BNL4Y2J9,0
2024-07-01,B0BRCXP7VN,0
2024-07-02,B0BRCXP7VN,0
2024-07-03,B0BRCXP7VN,0
2024-07-04,B0BRCXP7VN,0
2024-07-05,B0BRCXP7VN,0
2024-07-06,B0BRCXP7VN,0
2024-07-07,B0BRCXP7VN,0
2024-07-08,B0BRCXP7VN,0
2024-07-09,B0BRCXP7VN,0
2024-07-10,B0BRCXP7VN,0
2024-07-11,B0BRCXP7VN,0
2024-07-13,B0BRCXP7VN,0
2024-07-14,B0BRCXP7VN,0
2024-07-15,B0BRCXP7VN,0
2024-07-16,B0BRCXP7VN,0
2024-07-12,B0BNL5HYLR,0
2024-07-13,B0BNL5HYLR,0
2024-07-14,B0BNL5HYLR,0
2024-07-15,B0BNL5HYLR,0
2024-07-16,B0BNL5HYLR,0
2024-07-17,B0BNL5HYLR,0
2024-07-18,B0BNL5HYLR,0
2024-07-19,B0BNL5HYLR,0
2024-07-20,B0BNL5HYLR,0
2024-07-23,B0BNL5HYLR,0
2024-07-24,B0BNL5HYLR,0
2024-07-12,B0BNL5JR7V,0
2024-07-13,B0BNL5JR7V,0
2024-07-17,B0BNL5JR7V,0
2024-07-18,B0BNL5JR7V,0
2024-07-19,B0BNL5JR7V,0
2024-07-16,B0BNL5LCM5,0
2024-07-17,B0BNL5LCM5,0
2024-07-24,B0BNL64PBG,0
2024-07-25,B0BNL64PBG,0
2024-07-01,B0BRCW2B64,1
2024-07-02,B0BRCW2B64,2
2024-07-03,B0BRCW2B64,2
2024-07-04,B0BRCW2B64,2
2024-07-05,B0BRCW2B64,2
2024-07-06,B0BRCW2B64,2
2024-07-07,B0BRCW2B64,2
2024-07-08,B0BRCW2B64,2
2024-07-09,B0BRCW2B64,2
2024-07-10,B0BRCW2B64,2
2024-07-11,B0BRCW2B64,2
2024-07-12,B0BRCW2B64,2
2024-07-13,B0BRCW2B64,2
2024-07-14,B0BRCW2B64,2
2024-07-15,B0BRCW2B64,2
2024-07-01,B0BRCW79VK,0
2024-07-02,B0BRCW79VK,0
2024-07-03,B0BRCW79VK,0
2024-07-04,B0BRCW79VK,0
2024-07-05,B0BRCW79VK,0
2024-07-06,B0BRCW79VK,0
2024-07-07,B0BRCW79VK,0
2024-07-08,B0BRCW79VK,0
2024-07-09,B0BRCW79VK,0
2024-07-10,B0BRCW79VK,0
2024-07-11,B0BRCW79VK,0
2024-07-12,B0BRCW79VK,0
2024-07-13,B0BRCW79VK,0
2024-07-14,B0BRCW79VK,0
2024-07-15,B0BRCW79VK,0
2024-07-01,B0BRCXJRX6,3
2024-07-02,B0BRCXJRX6,4
2024-07-03,B0BRCXJRX6,4
2024-07-04,B0BRCXJRX6,4
2024-07-05,B0BRCXJRX6,4
2024-07-06,B0BRCXJRX6,4
2024-07-07,B0BRCXJRX6,4
2024-07-08,B0BRCXJRX6,4
2024-07-09,B0BRCXJRX6,4
2024-07-10,B0BRCXJRX6,4
2024-07-11,B0BRCXJRX6,4
2024-07-12,B0BRCXJRX6,4
2024-07-13,B0BRCXJRX6,4
2024-07-14,B0BRCXJRX6,4
2024-07-15,B0BRCXJRX6,4
2024-07-01,B0BRCXQRC9,0
2024-07-02,B0BRCXQRC9,2
2024-07-03,B0BRCXQRC9,4
2024-07-04,B0BRCXQRC9,4
2024-07-05,B0BRCXQRC9,6
2024-07-06,B0BRCXQRC9,6
2024-07-07,B0BRCXQRC9,7
2024-07-08,B0BRCXQRC9,8
2024-07-09,B0BRCXQRC9,8
2024-07-10,B0BRCXQRC9,9
2024-07-11,B0BRCXQRC9,9
2024-07-12,B0BRCXQRC9,9
2024-07-13,B0BRCXQRC9,9
2024-07-14,B0BRCXQRC9,10
2024-07-15,B0BRCXQRC9,10
2024-07-03,B0BRCXSTKW,0
2024-07-04,B0BRCXSTKW,0
2024-07-05,B0BRCXSTKW,0
2024-07-06,B0BRCXSTKW,0
2024-07-07,B0BRCXSTKW,0
2024-07-08,B0BRCXSTKW,0
2024-07-09,B0BRCXSTKW,0
2024-07-10,B0BRCXSTKW,0
2024-07-11,B0BRCXSTKW,0
2024-07-12,B0BRCXSTKW,0
2024-07-14,B0BRCXSTKW,0
2024-07-15,B0BRCXSTKW,0
2024-07-16,B0BRCXSTKW,0
2024-07-17,B0BRCXSTKW,0
2024-07-18,B0BRCXSTKW,0
2024-07-01,B0BRCXJ1F6,0
2024-07-02,B0BRCXJ1F6,0
2024-07-03,B0BRCXJ1F6,0
2024-07-04,B0BRCXJ1F6,0
2024-07-05,B0BRCXJ1F6,0
2024-07-01,B0BRCYK4JK,0
2024-07-02,B0BRCYK4JK,0
2024-07-03,B0BRCYK4JK,0
2024-07-04,B0BRCYK4JK,0
2024-07-05,B0BRCYK4JK,0
2024-07-06,B0BRCYK4JK,0
2024-07-07,B0BRCYK4JK,0
2024-07-08,B0BRCYK4JK,0
2024-07-09,B0BRCYK4JK,0
2024-07-10,B0BRCYK4JK,0
2024-07-11,B0BRCYK4JK,0
2024-07-12,B0BRCYK4JK,0
2024-07-13,B0BRCYK4JK,0
2024-07-14,B0BRCYK4JK,0
2024-07-15,B0BRCYK4JK,0
2024-07-01,B0BRCY8QMH,2
2024-07-02,B0BRCY8QMH,2
2024-07-03,B0BRCY8QMH,2
2024-07-04,B0BRCY8QMH,2
2024-07-05,B0BRCY8QMH,2
2024-07-06,B0BRCY8QMH,2
2024-07-07,B0BRCY8QMH,2
2024-07-08,B0BRCY8QMH,2
2024-07-09,B0BRCY8QMH,2
2024-07-10,B0BRCY8QMH,2
2024-07-11,B0BRCY8QMH,2
2024-07-12,B0BRCY8QMH,2
2024-07-14,B0BRCY8QMH,2
2024-07-15,B0BRCY8QMH,2
2024-07-16,B0BRCY8QMH,2
2024-07-01,B0BRCYV77T,2
2024-07-02,B0BRCYV77T,3
2024-07-03,B0BRCYV77T,3
2024-07-04,B0BRCYV77T,3
2024-07-05,B0BRCYV77T,3
2024-07-06,B0BRCYV77T,3
2024-07-07,B0BRCYV77T,4
2024-07-08,B0BRCYV77T,4
2024-07-09,B0BRCYV77T,4
2024-07-10,B0BRCYV77T,4
2024-07-11,B0BRCYV77T,4
2024-07-12,B0BRCYV77T,4
2024-07-13,B0BRCYV77T,4
2024-07-14,B0BRCYV77T,4
2024-07-15,B0BRCYV77T,4
2024-07-01,B0BNKZCWFL,0
2024-07-02,B0BNKZCWFL,0
2024-07-03,B0BNKZCWFL,0
2024-07-04,B0BNKZCWFL,0
2024-07-05,B0BNKZCWFL,0
2024-07-06,B0BNKZCWFL,0
2024-07-07,B0BNKZCWFL,0
2024-07-10,B0BNKZCWFL,0
2024-07-11,B0BNKZCWFL,0
2024-07-12,B0BNKZCWFL,0
2024-07-14,B0BNKZCWFL,0
2024-07-15,B0BNKZCWFL,0
2024-07-16,B0BNKZCWFL,0
2024-07-17,B0BNKZCWFL,0
2024-07-18,B0BNKZCWFL,0
2024-07-01,B0BNL7TJRT,0
2024-07-02,B0BNL7TJRT,0
2024-07-03,B0BNL7TJRT,0
2024-07-04,B0BNL7TJRT,0
2024-07-05,B0BNL7TJRT,0
2024-07-06,B0BNL7TJRT,0
2024-07-07,B0BNL7TJRT,0
2024-07-16,B0BNL7TJRT,0
2024-07-17,B0BNL7TJRT,0
2024-07-18,B0BNL7TJRT,0
2024-07-19,B0BNL7TJRT,0
2024-07-13,B0BNL5CJ8G,0
2024-07-14,B0BNL5CJ8G,0
2024-07-15,B0BNL5CJ8G,0
2024-07-16,B0BNL5CJ8G,0
2024-07-17,B0BNL5CJ8G,0
2024-07-18,B0BNL5CJ8G,0
2024-07-19,B0BNL5CJ8G,0
2024-07-20,B0BNL5CJ8G,0
2024-07-01,B0BSLTZV4Z,1
2024-07-02,B0BSLTZV4Z,1
2024-07-16,B0BSLTZV4Z,1
2024-07-17,B0BSLTZV4Z,1
2024-07-18,B0BSLTZV4Z,1
2024-07-19,B0BSLTZV4Z,1
2024-07-23,B0BSLTZV4Z,1
2024-07-24,B0BSLTZV4Z,1
2024-07-12,B0BSLVXHYJ,0
2024-07-13,B0BSLVXHYJ,0
2024-07-16,B0BSLVXHYJ,0
2024-07-17,B0BSLVXHYJ,0
2024-07-18,B0BSLVXHYJ,0
2024-07-19,B0BSLVXHYJ,0
2024-07-20,B0BSLVXHYJ,0
2024-07-21,B0BSLVXHYJ,0
2024-07-22,B0BSLVXHYJ,0
2024-07-23,B0BSLVXHYJ,0
2024-07-24,B0BSLVXHYJ,0
2024-07-01,B0BSLWJKSX,1
2024-07-02,B0BSLWJKSX,1
2024-07-03,B0BSLWJKSX,1
2024-07-04,B0BSLWJKSX,1
2024-07-05,B0BSLWJKSX,1
2024-07-06,B0BSLWJKSX,1
2024-07-07,B0BSLWJKSX,1
2024-07-10,B0BSLWJKSX,1
2024-07-11,B0BSLWJKSX,1
2024-07-16,B0BSLWJKSX,1
2024-07-17,B0BSLWJKSX,1
2024-07-18,B0BSLWJKSX,1
2024-07-19,B0BSLWJKSX,1
2024-07-20,B0BSLWJKSX,1
2024-07-21,B0BSLWJKSX,1
2024-07-01,B0C9JLKFPZ,1
2024-07-02,B0C9JLKFPZ,0
2024-07-03,B0C9JLKFPZ,0
2024-07-04,B0C9JLKFPZ,0
2024-07-05,B0C9JLKFPZ,0
2024-07-06,B0C9JLKFPZ,0
2024-07-07,B0C9JLKFPZ,0
2024-07-08,B0C9JLKFPZ,0
2024-07-09,B0C9JLKFPZ,0
2024-07-10,B0C9JLKFPZ,0
2024-07-11,B0C9JLKFPZ,0
2024-07-12,B0C9JLKFPZ,0
2024-07-13,B0C9JLKFPZ,0
2024-07-14,B0C9JLKFPZ,0
2024-07-15,B0C9JLKFPZ,0
2024-07-01,B0BSLTV9FL,0
2024-07-02,B0BSLTV9FL,0
2024-07-06,B0BSLTV9FL,0
2024-07-07,B0BSLTV9FL,0
2024-07-01,B0CFV6V981,71
2024-07-02,B0CFV6V981,55
2024-07-03,B0CFV6V981,53
2024-07-04,B0CFV6V981,51
2024-07-05,B0CFV6V981,49
2024-07-06,B0CFV6V981,47
2024-07-07,B0CFV6V981,46
2024-07-08,B0CFV6V981,44
2024-07-09,B0CFV6V981,43
2024-07-10,B0CFV6V981,42
2024-07-11,B0CFV6V981,41
2024-07-12,B0CFV6V981,40
2024-07-13,B0CFV6V981,39
2024-07-14,B0CFV6V981,39
2024-07-15,B0CFV6V981,38
2024-07-01,B0CR4BK4FW,0
2024-07-02,B0CR4BK4FW,0
2024-07-03,B0CR4BK4FW,0
2024-07-04,B0CR4BK4FW,0
2024-07-05,B0CR4BK4FW,0
2024-07-06,B0CR4BK4FW,0
2024-07-07,B0CR4BK4FW,0
2024-07-08,B0CR4BK4FW,0
2024-07-09,B0CR4BK4FW,0
2024-07-10,B0CR4BK4FW,0
2024-07-11,B0CR4BK4FW,0
2024-07-12,B0CR4BK4FW,0
2024-07-13,B0CR4BK4FW,0
2024-07-14,B0CR4BK4FW,0
2024-07-15,B0CR4BK4FW,0
2024-07-01,B0CR49N6MQ,0
2024-07-02,B0CR49N6MQ,0
2024-07-03,B0CR49N6MQ,0
2024-07-04,B0CR49N6MQ,0
2024-07-05,B0CR49N6MQ,0
2024-07-06,B0CR49N6MQ,0
2024-07-07,B0CR49N6MQ,0
2024-07-08,B0CR49N6MQ,0
2024-07-09,B0CR49N6MQ,0
2024-07-10,B0CR49N6MQ,0
2024-07-11,B0CR49N6MQ,0
2024-07-12,B0CR49N6MQ,0
2024-07-13,B0CR49N6MQ,0
2024-07-14,B0CR49N6MQ,0
2024-07-15,B0CR49N6MQ,0
2024-07-01,B0CR49BQRS,0
2024-07-02,B0CR49BQRS,0
2024-07-03,B0CR49BQRS,0
2024-07-04,B0CR49BQRS,0
2024-07-05,B0CR49BQRS,0
2024-07-06,B0CR49BQRS,0
2024-07-07,B0CR49BQRS,0
2024-07-08,B0CR49BQRS,0
2024-07-09,B0CR49BQRS,0
2024-07-10,B0CR49BQRS,0
2024-07-11,B0CR49BQRS,0
2024-07-12,B0CR49BQRS,0
2024-07-13,B0CR49BQRS,0
2024-07-14,B0CR49BQRS,0
2024-07-15,B0CR49BQRS,0
2024-07-01,B0CQVLFPBQ,0
2024-07-02,B0CQVLFPBQ,0
2024-07-10,B0CQVLFPBQ,0
2024-07-11,B0CQVLFPBQ,0
2024-07-21,B0CQVLFPBQ,0
2024-07-22,B0CQVLFPBQ,0
2024-07-24,B0CQVLFPBQ,0
2024-07-25,B0CQVLFPBQ,0
2024-07-01,B0CR4C5WXS,0
2024-07-02,B0CR4C5WXS,0
2024-07-03,B0CR4C5WXS,0
2024-07-04,B0CR4C5WXS,0
2024-07-05,B0CR4C5WXS,0
2024-07-06,B0CR4C5WXS,0
2024-07-07,B0CR4C5WXS,0
2024-07-08,B0CR4C5WXS,0
2024-07-09,B0CR4C5WXS,0
2024-07-10,B0CR4C5WXS,0
2024-07-11,B0CR4C5WXS,0
2024-07-12,B0CR4C5WXS,0
2024-07-13,B0CR4C5WXS,0
2024-07-14,B0CR4C5WXS,0
2024-07-15,B0CR4C5WXS,0
2024-07-01,B0CR4BG4ZW,0
2024-07-02,B0CR4BG4ZW,0
2024-07-03,B0CR4BG4ZW,0
2024-07-04,B0CR4BG4ZW,0
2024-07-05,B0CR4BG4ZW,0
2024-07-06,B0CR4BG4ZW,0
2024-07-07,B0CR4BG4ZW,0
2024-07-08,B0CR4BG4ZW,0
2024-07-09,B0CR4BG4ZW,0
2024-07-10,B0CR4BG4ZW,0
2024-07-11,B0CR4BG4ZW,0
2024-07-12,B0CR4BG4ZW,0
2024-07-13,B0CR4BG4ZW,0
2024-07-14,B0CR4BG4ZW,0
2024-07-15,B0CR4BG4ZW,0
2024-07-01,B0CR4BGLK5,0
2024-07-02,B0CR4BGLK5,0
2024-07-03,B0CR4BGLK5,0
2024-07-04,B0CR4BGLK5,0
2024-07-05,B0CR4BGLK5,0
2024-07-06,B0CR4BGLK5,0
2024-07-07,B0CR4BGLK5,0
2024-07-08,B0CR4BGLK5,0
2024-07-09,B0CR4BGLK5,0
2024-07-10,B0CR4BGLK5,0
2024-07-11,B0CR4BGLK5,0
2024-07-12,B0CR4BGLK5,0
2024-07-13,B0CR4BGLK5,0
2024-07-14,B0CR4BGLK5,0
2024-07-15,B0CR4BGLK5,0
2024-07-01,B0CR49NR3B,0
2024-07-02,B0CR49NR3B,0
2024-07-03,B0CR49NR3B,0
2024-07-04,B0CR49NR3B,0
2024-07-05,B0CR49NR3B,0
2024-07-06,B0CR49NR3B,0
2024-07-07,B0CR49NR3B,0
2024-07-08,B0CR49NR3B,0
2024-07-09,B0CR49NR3B,0
2024-07-10,B0CR49NR3B,0
2024-07-11,B0CR49NR3B,0
2024-07-12,B0CR49NR3B,0
2024-07-13,B0CR49NR3B,0
2024-07-14,B0CR49NR3B,0
2024-07-15,B0CR49NR3B,0
2024-07-01,B0CR4C98FS,0
2024-07-02,B0CR4C98FS,0
2024-07-03,B0CR4C98FS,0
2024-07-04,B0CR4C98FS,0
2024-07-05,B0CR4C98FS,0
2024-07-06,B0CR4C98FS,0
2024-07-07,B0CR4C98FS,0
2024-07-08,B0CR4C98FS,0
2024-07-09,B0CR4C98FS,0
2024-07-10,B0CR4C98FS,0
2024-07-11,B0CR4C98FS,0
2024-07-12,B0CR4C98FS,0
2024-07-13,B0CR4C98FS,0
2024-07-14,B0CR4C98FS,0
2024-07-15,B0CR4C98FS,0
2024-07-01,B0CY5KFQBD,1
2024-07-02,B0CY5KFQBD,1
2024-07-03,B0CY5KFQBD,1
2024-07-04,B0CY5KFQBD,1
2024-07-05,B0CY5KFQBD,1
2024-07-06,B0CY5KFQBD,1
2024-07-07,B0CY5KFQBD,1
2024-07-08,B0CY5KFQBD,1
2024-07-09,B0CY5KFQBD,1
2024-07-10,B0CY5KFQBD,1
2024-07-11,B0CY5KFQBD,1
2024-07-12,B0CY5KFQBD,1
2024-07-13,B0CY5KFQBD,1
2024-07-14,B0CY5KFQBD,1
2024-07-15,B0CY5KFQBD,1
2024-07-01,B0CY5QQ49F,0
2024-07-02,B0CY5QQ49F,0
2024-07-03,B0CY5QQ49F,0
2024-07-04,B0CY5QQ49F,0
2024-07-05,B0CY5QQ49F,0
2024-07-06,B0CY5QQ49F,0
2024-07-07,B0CY5QQ49F,0
2024-07-08,B0CY5QQ49F,0
2024-07-09,B0CY5QQ49F,0
2024-07-10,B0CY5QQ49F,0
2024-07-11,B0CY5QQ49F,0
2024-07-12,B0CY5QQ49F,0
2024-07-13,B0CY5QQ49F,0
2024-07-14,B0CY5QQ49F,0
2024-07-15,B0CY5QQ49F,0
2024-07-01,B0CY5LR4VX,0
2024-07-02,B0CY5LR4VX,0
2024-07-03,B0CY5LR4VX,0
2024-07-04,B0CY5LR4VX,0
2024-07-05,B0CY5LR4VX,0
2024-07-06,B0CY5LR4VX,0
2024-07-07,B0CY5LR4VX,0
2024-07-08,B0CY5LR4VX,0
2024-07-09,B0CY5LR4VX,0
2024-07-10,B0CY5LR4VX,0
2024-07-11,B0CY5LR4VX,0
2024-07-12,B0CY5LR4VX,0
2024-07-13,B0CY5LR4VX,0
2024-07-14,B0CY5LR4VX,0
2024-07-15,B0CY5LR4VX,0
